age,hormone
1.358887099,4.221671451
2.484329167,4.515711032
2.58226651,5.244220583
4.522151521,5.064815321
4.878508532,7.104972982
6.258607282,7.52421441
7.3241766,7.525871296
9.317920291,8.58415588
10.10468828,9.710532713
10.99896364,10.64903172