"file.names","regression.coeff"
"data.1.csv","0.476731520029225"
"data.2.csv","0.0343020101145674"
"data.3.csv","2.63305107026273"
"data.4.csv","1.1310162893444"
"data.5.csv","-0.00612404520296619"
"data.6.csv","0.116122623344279"
